{"13 rue g\u00e9n\u00e9ral Pershing Versailles": [2.150235, 48.816862], "181 rue Al\u00e9sia Paris": [2.316908, 48.83109]}